,시군구,번지,x,y,z,year
0, 서울특별시 강남구 개포동,1164-13,127.0530892,37.4732407,2422.32277526,2000
1, 서울특별시 강남구 개포동,1164-14,127.0532351,37.4733275,1936.82030036,2000
2, 서울특별시 강남구 개포동,1164-20,127.0541063,37.4739021,2244.43528442,2002
3, 서울특별시 강남구 개포동,1164-28,127.0551887,37.4745812,1848.91958909,2001
4, 서울특별시 강남구 개포동,1164-7,127.0523738,37.4727746,1898.7658439,2001
5, 서울특별시 강남구 개포동,12,127.0750977,37.4939654,4805.36089028,1992
6, 서울특별시 강남구 개포동,12-2,127.0767362,37.4960876,2979.42170104,2004
7, 서울특별시 강남구 개포동,1260-11,127.0489038,37.4793154,1926.81007229,2006
8, 서울특별시 강남구 개포동,138,127.067294,37.4841132,7921.53843629,1982
9, 서울특별시 강남구 개포동,141,127.0614839,37.478368,7700.2883754,1982
10, 서울특별시 강남구 개포동,177,127.0609236,37.4878994,3619.10609254,1986
11, 서울특별시 강남구 개포동,179,127.0625135,37.4881707,3797.01042583,1987
12, 서울특별시 강남구 개포동,185,127.071487,37.4888326,5065.45910048,1983
13, 서울특별시 강남구 개포동,187,127.0686558,37.4875354,5067.83103661,1983
14, 서울특별시 강남구 개포동,189,127.0714351,37.4855371,7208.68797089,1982
15, 서울특별시 강남구 개포동,649,127.054267,37.4843872,3611.06203505,1984
16, 서울특별시 강남구 개포동,651-1,127.0571779,37.4848024,3445.49160408,1991
17, 서울특별시 강남구 개포동,652,127.0561699,37.4839447,3303.58056473,1984
18, 서울특별시 강남구 개포동,653,127.0544891,37.4825481,3326.51941508,1984
19, 서울특별시 강남구 개포동,654,127.0513673,37.482369,3665.50858987,1986
20, 서울특별시 강남구 개포동,655-1,127.0526666,37.4816442,3378.95377129,1986
21, 서울특별시 강남구 개포동,655-2,127.052897,37.4813054,3373.42765273,1988
22, 서울특별시 강남구 개포동,655-3,127.0532554,37.4810335,1964.52681969,1995
23, 서울특별시 강남구 개포동,656,127.0542624,37.4785609,6672.65370672,1984
24, 서울특별시 강남구 개포동,658-1,127.0567424,37.4762642,3980.62557961,1987
25, 서울특별시 강남구 논현동,103,127.0379979,37.5196689,2652.24060906,1996
26, 서울특별시 강남구 논현동,105,127.0366998,37.5193601,3495.95472802,1985
27, 서울특별시 강남구 논현동,105-3,127.0374942,37.5187232,2464.88407072,2002
28, 서울특별시 강남구 논현동,105-4,127.037115,37.5206817,2850.40858982,2004
29, 서울특별시 강남구 논현동,107-44,127.0373364,37.517802,2486.62386303,2002
30, 서울특별시 강남구 논현동,108,127.0380027,37.5184174,2632.70918898,2009
31, 서울특별시 강남구 논현동,108-2,127.0379207,37.5180203,2259.99252895,2004
32, 서울특별시 강남구 논현동,114-23,127.0368595,37.5171457,2168.55363714,2009
33, 서울특별시 강남구 논현동,122-25,127.0243029,37.510383,2149.85491194,1996
34, 서울특별시 강남구 논현동,180-6,127.0280399,37.507516,1682.35294118,2004
35, 서울특별시 강남구 논현동,192-1,127.0324786,37.5081832,1818.28906124,2004
36, 서울특별시 강남구 논현동,192-3,127.0328405,37.5081015,2131.32400431,2004
37, 서울특별시 강남구 논현동,194-23,127.0307946,37.5074711,2601.09160112,2006
38, 서울특별시 강남구 논현동,195-1,127.0289875,37.5066597,2622.46300201,2005
39, 서울특별시 강남구 논현동,196,127.0276384,37.5062954,2601.74855732,1996
40, 서울특별시 강남구 논현동,196-4,127.0283866,37.5065989,2014.66024175,2006
41, 서울특별시 강남구 논현동,205-2,127.0303436,37.5067547,3049.09856657,2005
42, 서울특별시 강남구 논현동,212-13,127.0340836,37.5134549,3142.14154889,2007
43, 서울특별시 강남구 논현동,212-20,127.0340921,37.5129702,1881.38852343,2003
44, 서울특별시 강남구 논현동,214-2,127.032682,37.5125829,2093.28871188,2002
45, 서울특별시 강남구 논현동,215-14,127.032252,37.5124235,1745.29763222,2003
46, 서울특별시 강남구 논현동,216-1,127.0323585,37.5121468,2089.21679093,2004
47, 서울특별시 강남구 논현동,22,127.0227423,37.5146969,3349.20552853,1997
48, 서울특별시 강남구 논현동,221-7,127.0334919,37.5096909,4437.929058,2013
49, 서울특별시 강남구 논현동,229-13,127.0340901,37.5092605,2136.45835518,2005
50, 서울특별시 강남구 논현동,241-1,127.0404191,37.5164665,2725.31280544,2007
51, 서울특별시 강남구 논현동,245,127.0380907,37.5145526,4074.68447743,2004
52, 서울특별시 강남구 논현동,252-1,127.0386984,37.5133862,3151.50426873,2004
53, 서울특별시 강남구 논현동,258,127.0383688,37.5125374,3135.94322389,2004
54, 서울특별시 강남구 논현동,261,127.0362884,37.5115897,1916.39688015,1997
55, 서울특별시 강남구 논현동,261-8,127.0367685,37.5115504,1821.26650587,1997
56, 서울특별시 강남구 논현동,268-12,127.0428171,37.5112481,2828.60725822,2004
57, 서울특별시 강남구 논현동,271-6,127.0402036,37.511208,2049.42762589,2002
58, 서울특별시 강남구 논현동,274,127.0381352,37.5106451,2657.69911504,1996
59, 서울특별시 강남구 논현동,275,127.0375793,37.5102504,3109.35588865,2003
60, 서울특별시 강남구 논현동,276-1,127.0315341,37.5135304,4584.96637231,2014
61, 서울특별시 강남구 논현동,46-2,127.0228893,37.5132249,1833.85917109,2003
62, 서울특별시 강남구 논현동,46-3,127.0229548,37.5130561,2252.79271825,2003
63, 서울특별시 강남구 논현동,47-11,127.0226133,37.5128739,1924.56301804,2004
64, 서울특별시 강남구 논현동,55,127.0239347,37.5124262,2689.95031784,2004
65, 서울특별시 강남구 논현동,58-2,127.0289671,37.5138229,3378.55310851,2004
66, 서울특별시 강남구 논현동,62-3,127.0326528,37.5205398,2619.56528546,1976
67, 서울특별시 강남구 논현동,79-5,127.0313011,37.5165056,1704.82724417,1998
68, 서울특별시 강남구 논현동,79-7,127.0312903,37.5169037,1902.75387263,1998
69, 서울특별시 강남구 논현동,80-13,127.0305634,37.5161661,2311.34969325,2004
70, 서울특별시 강남구 대치동,1007-1,127.0666999,37.5045985,2932.6931471,2004
71, 서울특별시 강남구 대치동,1007-2,127.0666699,37.5041928,2771.23974527,2004
72, 서울특별시 강남구 대치동,1009-4,127.0680804,37.501544,6402.31239827,2011
73, 서울특별시 강남구 대치동,1014-3,127.0588507,37.4965682,4220.31495191,2000
74, 서울특별시 강남구 대치동,1015-6,127.0584811,37.4970005,2155.26922395,2003
75, 서울특별시 강남구 대치동,1016-2,127.0601395,37.4975065,2642.64264264,2000
76, 서울특별시 강남구 대치동,1025,127.053971,37.4962859,3871.84738624,2008
77, 서울특별시 강남구 대치동,1027,127.0610527,37.4994914,5932.3653349,2015
78, 서울특별시 강남구 대치동,316,127.0653265,37.4974576,4890.53715196,1979
79, 서울특별시 강남구 대치동,500,127.0573085,37.4908748,5641.68304284,1984
80, 서울특별시 강남구 대치동,503,127.05991,37.491182,5222.75465898,1983
81, 서울특별시 강남구 대치동,506,127.0625605,37.4920987,5055.96731878,1983
82, 서울특별시 강남구 대치동,506,127.0625605,37.4920987,5097.86206899,1985
83, 서울특별시 강남구 대치동,511,127.0610527,37.4994914,4995.96542581,1983
84, 서울특별시 강남구 대치동,511,127.0610527,37.4994914,4848.40113927,1985
85, 서울특별시 강남구 대치동,602,127.0608953,37.494139,4155.15665796,1990
86, 서울특별시 강남구 대치동,63,127.0691228,37.5002033,4308.24658852,1984
87, 서울특별시 강남구 대치동,65,127.0703247,37.4994947,4583.56376201,1983
88, 서울특별시 강남구 대치동,66,127.0709857,37.4979951,4721.12145059,1983
89, 서울특별시 강남구 대치동,670,127.0559479,37.4925092,5045.80323853,2005
90, 서울특별시 강남구 대치동,888,127.0545774,37.495014,4950.07213196,2008
91, 서울특별시 강남구 대치동,889-74,127.0505735,37.5033662,2536.08543754,2003
92, 서울특별시 강남구 대치동,890-42,127.0525547,37.504284,2636.53593818,2004
93, 서울특별시 강남구 대치동,890-49,127.0515902,37.5044448,2793.51968093,2004
94, 서울특별시 강남구 대치동,890-54,127.051482,37.5041457,2319.03523654,2006
95, 서울특별시 강남구 대치동,891-23,127.0537731,37.5050714,2668.972441,2004
96, 서울특별시 강남구 대치동,891-26,127.0537958,37.5045291,2563.52866509,2003
97, 서울특별시 강남구 대치동,891-28,127.0541516,37.5045644,2794.63431712,2004
98, 서울특별시 강남구 대치동,891-6,127.0542018,37.5056037,3115.12480277,2004
99, 서울특별시 강남구 대치동,893,127.056471,37.5046812,3342.3211744,2002
100, 서울특별시 강남구 대치동,894,127.0546834,37.5043669,4241.75667619,2016
101, 서울특별시 강남구 대치동,901-51,127.0554206,37.5029473,2280.02834534,2002
102, 서울특별시 강남구 대치동,902,127.0572425,37.5040431,3404.30311781,2004
103, 서울특별시 강남구 대치동,904-10,127.056386,37.5025369,1907.07787378,2006
104, 서울특별시 강남구 대치동,907-2,127.0515885,37.5013596,3390.69557586,2005
105, 서울특별시 강남구 대치동,910-3,127.0545556,37.501496,2383.27653794,2003
106, 서울특별시 강남구 대치동,910-4,127.0548023,37.5015764,2937.20722337,2003
107, 서울특별시 강남구 대치동,910-6,127.0549741,37.5013137,2377.19145982,2003
108, 서울특별시 강남구 대치동,910-7,127.0546914,37.5012223,1892.83656616,2003
109, 서울특별시 강남구 대치동,915-13,127.0583065,37.5010925,1925.0,2004
110, 서울특별시 강남구 대치동,920-32,127.0525454,37.4997409,2243.61074705,1999
111, 서울특별시 강남구 대치동,929-8,127.0584096,37.4999932,2763.81909548,2002
112, 서울특별시 강남구 대치동,933,127.0570995,37.4989537,2016.1776095,2004
113, 서울특별시 강남구 대치동,933-35,127.0572718,37.4990083,2150.09940358,2004
114, 서울특별시 강남구 대치동,934-1,127.0559528,37.4984102,2358.42486058,2005
115, 서울특별시 강남구 대치동,938-11,127.0555253,37.4977806,2628.00828981,2004
116, 서울특별시 강남구 대치동,938-13,127.0558327,37.4978831,2366.8487511,2004
117, 서울특별시 강남구 대치동,938-16,127.0556588,37.4975077,3217.41389968,2006
118, 서울특별시 강남구 대치동,941-13,127.0597139,37.499162,2461.941728,2004
119, 서울특별시 강남구 대치동,950,127.0622577,37.5068204,2409.45770303,2004
120, 서울특별시 강남구 대치동,962-20,127.0601821,37.5015039,2687.10334092,2004
121, 서울특별시 강남구 대치동,974,127.0608409,37.5008289,3773.46002612,1999
122, 서울특별시 강남구 대치동,975-20,127.062111,37.5007327,3179.43429582,2002
123, 서울특별시 강남구 대치동,983-1,127.0654114,37.5033475,2147.47039828,1996
124, 서울특별시 강남구 대치동,985,127.0653883,37.500937,4027.09711025,1989
125, 서울특별시 강남구 대치동,986-14,127.0638226,37.5005192,3060.24679613,2008
126, 서울특별시 강남구 대치동,988-4,127.0612125,37.4997794,3487.86369066,1999
127, 서울특별시 강남구 대치동,992,127.0651317,37.4997456,3326.8390797,1990
128, 서울특별시 강남구 도곡동,153-2,127.0456437,37.488505,2496.01373727,1996
129, 서울특별시 강남구 도곡동,161,127.0462809,37.4885498,4478.81501264,1994
130, 서울특별시 강남구 도곡동,162-4,127.0467611,37.487695,2425.75713026,2003
131, 서울특별시 강남구 도곡동,164-6,127.0475417,37.4877509,3185.05537691,2002
132, 서울특별시 강남구 도곡동,192-2,127.0445671,37.4876241,1920.25862069,1998
133, 서울특별시 강남구 도곡동,193-1,127.0449658,37.4880229,4351.87078307,1998
134, 서울특별시 강남구 도곡동,193-45,127.0442955,37.4869326,1881.20783569,2004
135, 서울특별시 강남구 도곡동,199-4,127.0435651,37.4863077,3104.05190925,2010
136, 서울특별시 강남구 도곡동,200-1,127.0435778,37.487089,2538.85374067,2005
137, 서울특별시 강남구 도곡동,200-5,127.0439093,37.4868944,2214.22913959,2005
138, 서울특별시 강남구 도곡동,462,127.0462223,37.4861363,3692.00150207,1986
139, 서울특별시 강남구 도곡동,463-1,127.0475934,37.4859032,3920.94164708,1986
140, 서울특별시 강남구 도곡동,464,127.0489647,37.4869126,5146.93144728,1985
141, 서울특별시 강남구 도곡동,465,127.0494848,37.4853084,4231.35590917,1985
142, 서울특별시 강남구 도곡동,467,127.0544123,37.4882818,4525.07528952,2002
143, 서울특별시 강남구 도곡동,467-10,127.0525713,37.4883815,2232.55905938,1996
144, 서울특별시 강남구 도곡동,467-17,127.0545117,37.4896405,4223.485548,2003
145, 서울특별시 강남구 도곡동,467-18,127.0510637,37.4870602,2207.12380477,1998
146, 서울특별시 강남구 도곡동,467-19,127.051556,37.4873002,2753.13096407,1999
147, 서울특별시 강남구 도곡동,467-24,127.0518455,37.4864024,2715.59905595,1998
148, 서울특별시 강남구 도곡동,467-29,127.0527274,37.4873934,4403.76703008,2004
149, 서울특별시 강남구 도곡동,467-6,127.0511666,37.4881387,2902.6842372,2002
150, 서울특별시 강남구 도곡동,467-7,127.0520866,37.4885335,3006.63674187,2004
151, 서울특별시 강남구 도곡동,514-3,127.0425453,37.4840828,2050.84665862,2006
152, 서울특별시 강남구 도곡동,527,127.0507447,37.4936848,4652.63094547,2006
153, 서울특별시 강남구 도곡동,538,127.0505701,37.4950584,4755.9181622,2013
154, 서울특별시 강남구 도곡동,540,127.0456769,37.4934512,2658.78006603,1984
155, 서울특별시 강남구 도곡동,543-7,127.0429773,37.4919624,3576.15006435,2007
156, 서울특별시 강남구 도곡동,551-28,127.0367604,37.490172,2479.42311623,2003
157, 서울특별시 강남구 도곡동,869,127.0421113,37.4907129,2707.84081274,1983
158, 서울특별시 강남구 도곡동,895-8,127.0406411,37.4872733,3442.10983148,1988
159, 서울특별시 강남구 도곡동,91-5,127.0505919,37.4896766,4117.44843472,2001
160, 서울특별시 강남구 도곡동,933,127.0380857,37.4879716,3082.1417856,2011
161, 서울특별시 강남구 도곡동,934-10,127.0369876,37.4882393,3287.45510984,1986
162, 서울특별시 강남구 도곡동,944-5,127.0341563,37.4892866,2069.68641115,2004
163, 서울특별시 강남구 도곡동,949-1,127.0331691,37.487881,1960.4348601,2005
164, 서울특별시 강남구 도곡동,949-2,127.0328905,37.48774,2129.61076014,2006
165, 서울특별시 강남구 도곡동,950-19,127.0351034,37.4869498,2537.71475641,2008
166, 서울특별시 강남구 도곡동,952,127.0334977,37.486424,2792.21463768,2004
167, 서울특별시 강남구 도곡동,952-14,127.0340128,37.4862038,2344.15956134,2003
168, 서울특별시 강남구 도곡동,953-1,127.0344078,37.4852042,2832.23404732,2006
169, 서울특별시 강남구 도곡동,955,127.0357759,37.4860966,2138.28680743,1995
170, 서울특별시 강남구 도곡동,957-11,127.0358583,37.4851386,2370.93764392,2007
171, 서울특별시 강남구 도곡동,960,127.0396924,37.4864808,3167.64494926,1992
172, 서울특별시 강남구 도곡동,961,127.0379787,37.4888159,2729.33060936,1994
173, 서울특별시 강남구 도곡동,963,127.0401859,37.4904143,3251.48406681,1995
174, 서울특별시 강남구 도곡동,964,127.0394373,37.4889143,3141.08089014,2006
175, 서울특별시 강남구 도곡동,965,127.0389678,37.4858433,2675.72519629,1997
176, 서울특별시 강남구 도곡동,966,127.0488071,37.4891712,3442.76176856,1999
177, 서울특별시 강남구 도곡동,967,127.0408333,37.4887779,3279.91277948,2005
178, 서울특별시 강남구 도곡동,968,127.0349649,37.4887526,2387.42246213,2004
179, 서울특별시 강남구 도곡동,969,127.0370914,37.4891448,3070.46776414,2006
180, 서울특별시 강남구 도곡동,970,127.037805,37.4898426,2675.72857525,2007
181, 서울특별시 강남구 도곡동,972,127.0438136,37.4898434,3528.97808435,2016
182, 서울특별시 강남구 삼성동,100-14,127.0657643,37.5162281,3384.10374529,2007
183, 서울특별시 강남구 삼성동,101,127.0648405,37.516292,2870.19441602,2005
184, 서울특별시 강남구 삼성동,102,127.0641091,37.5166133,3740.97844974,2006
185, 서울특별시 강남구 삼성동,102-2,127.0646854,37.5165737,4054.21421664,2003
186, 서울특별시 강남구 삼성동,103-22,127.0640034,37.5171071,3992.5737242,2006
187, 서울특별시 강남구 삼성동,104,127.0625077,37.5159545,4126.86775067,1998
188, 서울특별시 강남구 삼성동,104-10,127.0630333,37.5163453,4301.54782994,2005
189, 서울특별시 강남구 삼성동,105,127.0633963,37.5158102,4075.48958687,2005
190, 서울특별시 강남구 삼성동,106,127.0617602,37.51539,4453.45042544,1998
191, 서울특별시 강남구 삼성동,107,127.060586,37.5145796,3975.90361446,2003
192, 서울특별시 강남구 삼성동,108-1,127.0619936,37.5150918,3242.0417124,2003
193, 서울특별시 강남구 삼성동,108-3,127.0624343,37.5151241,2639.04433207,2004
194, 서울특별시 강남구 삼성동,11,127.0451257,37.5151584,4335.97833444,2007
195, 서울특별시 강남구 삼성동,110-2,127.0657214,37.5154961,5676.60550459,2013
196, 서울특별시 강남구 삼성동,117,127.0517546,37.5122834,3272.16354987,2003
197, 서울특별시 강남구 삼성동,117-18,127.0516124,37.5119922,2082.02894088,2004
198, 서울특별시 강남구 삼성동,121-38,127.0533914,37.5103079,2266.48348391,2010
199, 서울특별시 강남구 삼성동,122-7,127.0523083,37.5103596,3126.32602546,2006
200, 서울특별시 강남구 삼성동,126,127.0538257,37.5090572,2800.21518788,2001
201, 서울특별시 강남구 삼성동,127-5,127.0543845,37.5095041,2347.6770754,2004
202, 서울특별시 강남구 삼성동,129,127.0540504,37.508458,3072.56469073,2004
203, 서울특별시 강남구 삼성동,129-20,127.0543019,37.5079815,2210.23255814,1997
204, 서울특별시 강남구 삼성동,129-5,127.054392,37.5086409,1942.84893739,2005
205, 서울특별시 강남구 삼성동,130,127.0533955,37.5085536,2408.08307606,2004
206, 서울특별시 강남구 삼성동,130-2,127.0536051,37.508431,2534.74107046,2005
207, 서울특별시 강남구 삼성동,130-6,127.0538343,37.5081093,2230.88634853,2004
208, 서울특별시 강남구 삼성동,14-1,127.0462102,37.5159844,4393.72710712,2004
209, 서울특별시 강남구 삼성동,142-3,127.0509138,37.5060621,2930.81100349,2004
210, 서울특별시 강남구 삼성동,142-7,127.0509131,37.5064703,2878.7825781,2003
211, 서울특별시 강남구 삼성동,143-37,127.053033,37.5061783,2037.33582239,1998
212, 서울특별시 강남구 삼성동,144-10,127.0548939,37.5070483,2862.99974842,2004
213, 서울특별시 강남구 삼성동,144-14,127.0553302,37.5079717,3282.45941522,2007
214, 서울특별시 강남구 삼성동,146,127.0549788,37.512967,2866.96058091,2003
215, 서울특별시 강남구 삼성동,147-2,127.0559557,37.5131794,4083.19585199,2004
216, 서울특별시 강남구 삼성동,150-20,127.0549903,37.5108839,2314.58333333,2005
217, 서울특별시 강남구 삼성동,150-5,127.0549926,37.5115994,2513.94149036,2006
218, 서울특별시 강남구 삼성동,16-2,127.0485407,37.5162276,5417.00841731,2008
219, 서울특별시 강남구 삼성동,17,127.0485461,37.5177621,4068.90680218,2000
220, 서울특별시 강남구 삼성동,19-4,127.0499901,37.5176314,4522.06790979,1981
221, 서울특별시 강남구 삼성동,2,127.0430478,37.5171888,4161.95505489,1998
222, 서울특별시 강남구 삼성동,29-11,127.0458578,37.5132767,2922.18572318,2003
223, 서울특별시 강남구 삼성동,29-19,127.0458041,37.5142944,2340.34734539,2002
224, 서울특별시 강남구 삼성동,3-3,127.0448098,37.5174878,3704.75964522,1996
225, 서울특별시 강남구 삼성동,3-8,127.0443222,37.5171415,2660.81648226,2003
226, 서울특별시 강남구 삼성동,33-20,127.0442073,37.5131056,3267.69648617,2004
227, 서울특별시 강남구 삼성동,37,127.0439458,37.5109113,2753.53016688,1997
228, 서울특별시 강남구 삼성동,4-3,127.0460152,37.5177913,3745.08244994,1996
229, 서울특별시 강남구 삼성동,4-6,127.0455489,37.5173694,3612.49950325,1998
230, 서울특별시 강남구 삼성동,42-4,127.0473357,37.512247,2935.9430605,2009
231, 서울특별시 강남구 삼성동,43,127.0478132,37.5130374,3353.97039034,2005
232, 서울특별시 강남구 삼성동,47-18,127.0495342,37.5134433,2542.814275,2003
233, 서울특별시 강남구 삼성동,48,127.0499091,37.5137553,3687.09232701,2001
234, 서울특별시 강남구 삼성동,50,127.0515142,37.5138493,5269.78030124,2008
235, 서울특별시 강남구 삼성동,52-9,127.0512094,37.5183548,2837.1146152,2003
236, 서울특별시 강남구 삼성동,53-2,127.0530001,37.5188053,3763.79239477,1984
237, 서울특별시 강남구 삼성동,57-9,127.0549801,37.51905,2478.51823563,2005
238, 서울특별시 강남구 삼성동,6,127.0446879,37.5167552,3769.95815071,1999
239, 서울특별시 강남구 삼성동,64-6,127.0527251,37.51721,2741.04882459,2007
240, 서울특별시 강남구 삼성동,64-7,127.0529334,37.5174595,2209.82142857,1998
241, 서울특별시 강남구 삼성동,64-9,127.0526246,37.5176417,2935.31942011,2003
242, 서울특별시 강남구 삼성동,65-4,127.0515897,37.516736,6072.81063347,2012
243, 서울특별시 강남구 삼성동,7-3,127.0434589,37.5161739,4219.3939358,2007
244, 서울특별시 강남구 삼성동,71-16,127.0533289,37.5143649,2601.15606936,2006
245, 서울특별시 강남구 삼성동,75-3,127.0542748,37.5136291,2754.79429587,2005
246, 서울특별시 강남구 삼성동,78-4,127.0582766,37.5198576,3973.66749029,1990
247, 서울특별시 강남구 삼성동,79,127.0595683,37.5199625,4441.02408012,1981
248, 서울특별시 강남구 삼성동,8-2,127.0423523,37.5154901,3303.71630272,2009
249, 서울특별시 강남구 삼성동,82-4,127.0614322,37.5190889,4401.33728442,2010
250, 서울특별시 강남구 삼성동,87,127.0591595,37.5180985,6493.26564334,2004
251, 서울특별시 강남구 삼성동,91-16,127.0615905,37.5161194,3347.0278598,1994
252, 서울특별시 강남구 삼성동,97-2,127.0642579,37.518741,3192.60293091,1992
253, 서울특별시 강남구 삼성동,98-11,127.0640507,37.517759,3854.41245871,2003
254, 서울특별시 강남구 삼성동,98-18,127.0645597,37.5181243,2705.80518203,2004
255, 서울특별시 강남구 삼성동,98-9,127.0643047,37.5182512,3044.7581113,2004
256, 서울특별시 강남구 삼성동,99,127.064863,37.5173852,3685.01794334,1998
257, 서울특별시 강남구 삼성동,99-1,127.065143,37.5177919,3639.50236379,1999
258, 서울특별시 강남구 삼성동,99-12,127.0655231,37.5170723,3614.53502563,2000
259, 서울특별시 강남구 삼성동,99-13,127.0651387,37.5169575,4397.24310777,1998
260, 서울특별시 강남구 삼성동,99-3,127.0649909,37.518016,4434.93363106,2008
261, 서울특별시 강남구 세곡동,508,127.1006133,37.4640671,3204.53884257,2011
262, 서울특별시 강남구 세곡동,511,127.10273,37.4641165,2632.56438096,2011
263, 서울특별시 강남구 세곡동,516,127.1044593,37.4636638,2738.34745763,2011
264, 서울특별시 강남구 세곡동,525,127.1015872,37.4600486,2551.88834253,2011
265, 서울특별시 강남구 세곡동,533,127.1073203,37.4692712,3190.10416169,2012
266, 서울특별시 강남구 세곡동,579,127.1073203,37.4692712,3225.44883309,2013
267, 서울특별시 강남구 수서동,537,127.0952309,37.4809893,4116.15890548,2016
268, 서울특별시 강남구 수서동,708,127.101008,37.4890673,3779.71776652,1992
269, 서울특별시 강남구 수서동,712,127.1036464,37.489418,2747.41064572,1993
270, 서울특별시 강남구 수서동,736,127.0983474,37.4870719,4473.48869488,1992
271, 서울특별시 강남구 수서동,738,127.0966796,37.4852813,2949.20672508,1993
272, 서울특별시 강남구 수서동,746,127.0873935,37.4846721,4116.32191875,1993
273, 서울특별시 강남구 수서동,747,127.09066,37.4848802,3475.25263039,1997
274, 서울특별시 강남구 수서동,가-,127.105154,37.4889628,3904.26546537,2014
275, 서울특별시 강남구 신사동,506-9,127.0196129,37.5200106,3614.40295284,2008
276, 서울특별시 강남구 신사동,510-11,127.0206714,37.518739,1770.15409262,1974
277, 서울특별시 강남구 신사동,522,127.019975,37.5206993,2447.14997233,2006
278, 서울특별시 강남구 신사동,523-4,127.0206195,37.5210669,2163.57974103,2002
279, 서울특별시 강남구 신사동,524-8,127.0215858,37.5214011,2585.05532276,2007
280, 서울특별시 강남구 신사동,540-2,127.0243381,37.5194956,2479.93886129,2002
281, 서울특별시 강남구 신사동,547-7,127.0230058,37.5232888,2798.93202301,2004
282, 서울특별시 강남구 신사동,547-8,127.0230477,37.5230215,2560.32057294,2004
283, 서울특별시 강남구 신사동,550-5,127.0236511,37.5235167,2838.80359979,2004
284, 서울특별시 강남구 신사동,562-24,127.0264806,37.5203738,2873.8317757,2004
285, 서울특별시 강남구 신사동,569-1,127.0262878,37.5237178,2129.41600577,2004
286, 서울특별시 강남구 신사동,590-7,127.0292276,37.5214794,2568.75296349,2007
287, 서울특별시 강남구 신사동,593-32,127.0297501,37.5221919,1680.67226891,2004
288, 서울특별시 강남구 신사동,606-2,127.0307067,37.5248516,2236.95844385,2005
289, 서울특별시 강남구 신사동,622,127.0320408,37.5261447,3337.25507962,1996
290, 서울특별시 강남구 신사동,622-1,127.0324295,37.5260947,3139.21113689,2004
291, 서울특별시 강남구 신사동,626-1,127.0309894,37.523642,1969.93146142,2005
292, 서울특별시 강남구 신사동,632,127.0336683,37.5237306,4874.10840182,2004
293, 서울특별시 강남구 신사동,658,127.0373027,37.5265851,3220.15451707,1998
294, 서울특별시 강남구 신사동,659,127.0372219,37.5274161,3146.25542737,2001
295, 서울특별시 강남구 압구정동,369-1,127.0280273,37.5328218,5075.57245468,1976
296, 서울특별시 강남구 압구정동,397,127.018523,37.524113,5361.69541347,1987
297, 서울특별시 강남구 압구정동,414,127.0199989,37.5251822,4473.47437327,1982
298, 서울특별시 강남구 압구정동,426,127.0246603,37.5260254,5248.35389321,1982
299, 서울특별시 강남구 압구정동,433,127.024268,37.527481,5171.429282,1983
300, 서울특별시 강남구 압구정동,434,127.0242707,37.5289263,5157.88246253,1982
301, 서울특별시 강남구 압구정동,436,127.0250939,37.5310487,4714.28571429,1982
302, 서울특별시 강남구 압구정동,443,127.0269248,37.5311981,6117.45454545,1976
303, 서울특별시 강남구 압구정동,447,127.0262824,37.5304891,6447.82864074,1987
304, 서울특별시 강남구 압구정동,448,127.0273203,37.5301931,5488.50705382,1983
305, 서울특별시 강남구 압구정동,455,127.0284556,37.5320757,6908.20868296,1977
306, 서울특별시 강남구 압구정동,456,127.028845,37.5300542,5221.77937541,1978
307, 서울특별시 강남구 압구정동,456,127.028845,37.5300542,5217.00992188,1979
308, 서울특별시 강남구 압구정동,462,127.0305942,37.5324077,6953.45733499,1977
309, 서울특별시 강남구 압구정동,481,127.0352887,37.5307261,4549.9634919,1980
310, 서울특별시 강남구 압구정동,484,127.0365345,37.529664,4703.77416937,1980
311, 서울특별시 강남구 압구정동,486,127.0368902,37.5308644,4885.79976588,1978
312, 서울특별시 강남구 압구정동,489,127.0381148,37.5290723,4767.60130294,1978
313, 서울특별시 강남구 압구정동,490,127.0387567,37.5302705,6226.95119537,1977
314, 서울특별시 강남구 압구정동,493,127.0405888,37.5298051,4884.98785232,1978
315, 서울특별시 강남구 압구정동,510,127.0423037,37.5300056,5418.18000896,1984
316, 서울특별시 강남구 압구정동,513,127.0419761,37.5289036,4962.35402271,1979
317, 서울특별시 강남구 압구정동,528,127.043812,37.5291933,5164.56779534,1981
318, 서울특별시 강남구 역삼동,604,127.0299959,37.5053885,1957.97121671,1996
319, 서울특별시 강남구 역삼동,606-18,127.0337383,37.5064572,2221.19642636,1999
320, 서울특별시 강남구 역삼동,628-1,127.0345439,37.5042391,2203.93830901,2003
321, 서울특별시 강남구 역삼동,633-22,127.031161,37.5024895,1891.40667918,2003
322, 서울특별시 강남구 역삼동,644-6,127.034518,37.5015033,1689.93292106,2002
323, 서울특별시 강남구 역삼동,656-30,127.0386336,37.5066233,1853.8778178,2005
324, 서울특별시 강남구 역삼동,656-31,127.0388229,37.5066825,1879.89282386,2005
325, 서울특별시 강남구 역삼동,664-21,127.0395069,37.5052914,1606.59308019,2005
326, 서울특별시 강남구 역삼동,664-5,127.0384233,37.5049393,2089.23726259,2001
327, 서울특별시 강남구 역삼동,681-26,127.0412814,37.5091876,2508.75303455,2002
328, 서울특별시 강남구 역삼동,706-10,127.0435446,37.5021021,2092.1386306,2003
329, 서울특별시 강남구 역삼동,706-11,127.0437204,37.502153,2612.5,2003
330, 서울특별시 강남구 역삼동,706-20,127.0442817,37.5019467,2144.16856001,2001
331, 서울특별시 강남구 역삼동,707-15,127.0451788,37.5024649,2861.55934248,2004
332, 서울특별시 강남구 역삼동,707-18,127.0458512,37.5025992,3233.81109143,2004
333, 서울특별시 강남구 역삼동,708-31,127.0483309,37.5030841,2964.09814936,2004
334, 서울특별시 강남구 역삼동,709,127.0466551,37.5024363,4891.99491741,2014
335, 서울특별시 강남구 역삼동,710,127.0448721,37.501419,2991.04482736,2001
336, 서울특별시 강남구 역삼동,711-3,127.0373932,37.4999072,4436.26610463,2016
337, 서울특별시 강남구 역삼동,712,127.0455138,37.5016503,2891.57379709,1979
338, 서울특별시 강남구 역삼동,713-11,127.0466111,37.4994913,4249.15711145,2006
339, 서울특별시 강남구 역삼동,713-7,127.0475603,37.5005387,3394.91739306,2007
340, 서울특별시 강남구 역삼동,716,127.0493726,37.50246,3781.71498852,1998
341, 서울특별시 강남구 역삼동,716-3,127.0373932,37.4999072,4829.16815829,2012
342, 서울특별시 강남구 역삼동,720-25,127.0427038,37.5013456,2937.90850155,2002
343, 서울특별시 강남구 역삼동,722,127.0423465,37.5002722,2748.45482796,2002
344, 서울특별시 강남구 역삼동,723-21,127.0411803,37.4994933,1945.09826998,2004
345, 서울특별시 강남구 역삼동,727-2,127.0389649,37.4978993,4162.33031674,2012
346, 서울특별시 강남구 역삼동,727-9,127.0392163,37.4974265,5154.67139763,2012
347, 서울특별시 강남구 역삼동,728-45,127.0410627,37.4984318,1574.71123126,1999
348, 서울특별시 강남구 역삼동,728-52,127.0414001,37.497957,2240.85709299,2003
349, 서울특별시 강남구 역삼동,729-37,127.042467,37.498545,2238.1457891,2002
350, 서울특별시 강남구 역삼동,732-25,127.042338,37.4975735,2277.07006369,2004
351, 서울특별시 강남구 역삼동,747,127.0373104,37.4959576,2155.4753142,2003
352, 서울특별시 강남구 역삼동,747-1,127.0373248,37.4958054,2471.21722541,2006
353, 서울특별시 강남구 역삼동,747-5,127.0378689,37.4956162,2955.47031354,2004
354, 서울특별시 강남구 역삼동,754,127.0464387,37.498551,4276.83477368,2006
355, 서울특별시 강남구 역삼동,754-1,127.0467951,37.4976537,4572.27310586,2006
356, 서울특별시 강남구 역삼동,755-1,127.0499488,37.4996497,4028.18544322,2006
357, 서울특별시 강남구 역삼동,755-4,127.0499436,37.4987189,4707.7359952,2005
358, 서울특별시 강남구 역삼동,757,127.0502289,37.4972705,4638.53161485,2005
359, 서울특별시 강남구 역삼동,759-1,127.0477022,37.4971979,3637.17605004,1992
360, 서울특별시 강남구 역삼동,761,127.045872,37.4966956,2770.58249268,2004
361, 서울특별시 강남구 역삼동,761-10,127.0463178,37.4960577,3187.21586378,1997
362, 서울특별시 강남구 역삼동,761-3,127.0463912,37.4966827,2329.55139249,2006
363, 서울특별시 강남구 역삼동,762-3,127.0472735,37.4953338,4179.61311116,2011
364, 서울특별시 강남구 역삼동,763-16,127.0482989,37.4964269,4467.62887095,2009
365, 서울특별시 강남구 역삼동,765-32,127.0515404,37.4966683,4002.33793172,2008
366, 서울특별시 강남구 역삼동,766-8,127.0503784,37.4960895,3499.10394265,2002
367, 서울특별시 강남구 역삼동,771-14,127.042962,37.4969794,2603.18717868,2002
368, 서울특별시 강남구 역삼동,771-4,127.0427685,37.4973382,3399.19692153,2003
369, 서울특별시 강남구 역삼동,775-14,127.0419822,37.4961262,1702.41650828,2002
370, 서울특별시 강남구 역삼동,775-15,127.0421766,37.496308,2051.13813533,2004
371, 서울특별시 강남구 역삼동,777-2,127.0409101,37.4951525,2032.15472235,2004
372, 서울특별시 강남구 역삼동,777-49,127.041122,37.4952101,1825.14149538,2004
373, 서울특별시 강남구 역삼동,778,127.0428278,37.4957961,1741.05461394,2007
374, 서울특별시 강남구 역삼동,778-5,127.0429209,37.4955878,1715.58967488,2007
375, 서울특별시 강남구 역삼동,783-3,127.0434418,37.4943792,2072.29870535,2002
376, 서울특별시 강남구 역삼동,783-30,127.043494,37.4941886,2324.53893443,2003
377, 서울특별시 강남구 역삼동,787-4,127.0426022,37.4936263,2000.10727312,2003
378, 서울특별시 강남구 역삼동,789-29,127.0356502,37.4941149,1995.5808815,2003
379, 서울특별시 강남구 역삼동,794-19,127.037792,37.492706,2202.44903126,2006
380, 서울특별시 강남구 역삼동,794-24,127.037802,37.492543,2128.77214417,2003
381, 서울특별시 강남구 역삼동,795-41,127.0385826,37.492872,2841.70757418,2005
382, 서울특별시 강남구 역삼동,796-29,127.0373932,37.4999072,2802.64054544,2012
383, 서울특별시 강남구 역삼동,823-7,127.0322491,37.4983635,3655.53555776,2004
384, 서울특별시 강남구 역삼동,824-25,127.0310602,37.497514,2751.89940727,2004
385, 서울특별시 강남구 역삼동,826-29,127.0301445,37.4962612,2861.13813745,2004
386, 서울특별시 강남구 역삼동,826-37,127.0303725,37.4953323,2749.62991242,2007
387, 서울특별시 강남구 역삼동,828-11,127.0330969,37.4963764,3196.82959049,2008
388, 서울특별시 강남구 역삼동,828-21,127.0329687,37.4975512,2062.5,2005
389, 서울특별시 강남구 역삼동,828-46,127.0338813,37.4965018,2017.72727697,2004
390, 서울특별시 강남구 역삼동,828-76,127.0330536,37.4973708,2324.1345692,2005
391, 서울특별시 강남구 역삼동,831-29,127.030724,37.4947405,4028.58311813,2013
392, 서울특별시 강남구 역삼동,832-5,127.03094,37.4921103,2700.92096494,2006
393, 서울특별시 강남구 역삼동,835-12,127.0353256,37.4917452,1743.87781034,2003
394, 서울특별시 강남구 역삼동,835-33,127.035756,37.4915118,1697.86636901,1997
395, 서울특별시 강남구 역삼동,835-67,127.0349054,37.4920581,2488.41223452,2003
396, 서울특별시 강남구 역삼동,835-68,127.0356714,37.4923761,2478.66080091,2007
397, 서울특별시 강남구 역삼동,836,127.0329659,37.4918016,2394.04194869,1996
398, 서울특별시 강남구 역삼동,836-35,127.0340341,37.4920086,2226.19047619,2002
399, 서울특별시 강남구 율현동,가-,127.1104558,37.4720063,2678.42885373,2015
400, 서울특별시 강남구 일원동,614,127.0776072,37.4907367,3509.50223582,1987
401, 서울특별시 강남구 일원동,615,127.0781235,37.492341,4183.26582633,1987
402, 서울특별시 강남구 일원동,615-1,127.0794836,37.4911668,3104.38948538,1984
403, 서울특별시 강남구 일원동,626,127.0836971,37.4929232,3040.03779379,1986
404, 서울특별시 강남구 일원동,679,127.0830394,37.4905691,1476.06977784,1995
405, 서울특별시 강남구 일원동,690-1,127.0786588,37.4901881,4214.16379579,1983
406, 서울특별시 강남구 일원동,711,127.0902134,37.492615,3422.09047928,1992
407, 서울특별시 강남구 일원동,716,127.0851548,37.4849458,3539.70239313,1993
408, 서울특별시 강남구 일원동,718,127.082553,37.4842931,3236.821955,1994
409, 서울특별시 강남구 일원동,719,127.0808047,37.4837623,3594.44516824,1994
410, 서울특별시 강남구 일원동,731,127.0777022,37.4818107,3915.88782347,1994
411, 서울특별시 강남구 일원동,734,127.082142,37.4819336,4126.77656289,1993
412, 서울특별시 강남구 일원동,735,127.0852937,37.4824572,4194.37115359,1993
413, 서울특별시 강남구 자곡동,611,127.0950243,37.474172,3661.50066598,2014
414, 서울특별시 강남구 자곡동,618,127.0950243,37.474172,2190.16239115,2014
415, 서울특별시 강남구 자곡동,가-,127.0950243,37.474172,3165.7274105,2014
416, 서울특별시 강남구 청담동,10,127.0475873,37.5217307,3093.9769486,1999
417, 서울특별시 강남구 청담동,102,127.0466276,37.5288701,5114.25479811,2003
418, 서울특별시 강남구 청담동,102-1,127.0465606,37.5286254,4665.40999057,2010
419, 서울특별시 강남구 청담동,102-13,127.0470403,37.5286274,4164.30508241,2010
420, 서울특별시 강남구 청담동,102-2,127.0474504,37.5284055,3324.14016872,2003
421, 서울특별시 강남구 청담동,102-6,127.0478349,37.5285978,3436.40560331,1997
422, 서울특별시 강남구 청담동,102-7,127.0474229,37.5287026,3398.82412655,1997
423, 서울특별시 강남구 청담동,104,127.0483132,37.5284395,3605.61284704,1999
424, 서울특별시 강남구 청담동,104-13,127.048781,37.5283982,4146.02346806,1992
425, 서울특별시 강남구 청담동,104-19,127.0491419,37.5283101,3756.67022412,1992
426, 서울특별시 강남구 청담동,105,127.0495219,37.5281465,3615.0669925,1996
427, 서울특별시 강남구 청담동,105-6,127.0498904,37.5280836,3541.83660327,1995
428, 서울특별시 강남구 청담동,106,127.0502451,37.5280387,3439.01365037,1992
429, 서울특별시 강남구 청담동,106-1,127.05024,37.5277269,3257.54431731,2002
430, 서울특별시 강남구 청담동,106-11,127.0510914,37.52785,5732.3935751,1992
431, 서울특별시 강남구 청담동,106-21,127.0514308,37.5277689,5659.11835285,1992
432, 서울특별시 강남구 청담동,108,127.0525508,37.5275013,3865.60283688,1994
433, 서울특별시 강남구 청담동,11-25,127.0467573,37.5217033,2863.05530034,2005
434, 서울특별시 강남구 청담동,110-11,127.0509335,37.5265621,2716.96041959,2004
435, 서울특별시 강남구 청담동,110-3,127.0511754,37.5271163,3103.55518809,2004
436, 서울특별시 강남구 청담동,110-4,127.0507638,37.5270139,3333.33333333,2004
437, 서울특별시 강남구 청담동,110-7,127.051067,37.5268298,2803.31179321,2004
438, 서울특별시 강남구 청담동,111-11,127.0497932,37.526734,2481.98057035,2004
439, 서울특별시 강남구 청담동,113,127.0485983,37.5277263,2494.54488778,1997
440, 서울특별시 강남구 청담동,113-16,127.048745,37.5272274,2837.73469699,1997
441, 서울특별시 강남구 청담동,113-23,127.0489092,37.5276613,2606.35534502,1997
442, 서울특별시 강남구 청담동,114,127.0481159,37.5279441,3540.97249675,2000
443, 서울특별시 강남구 청담동,115-6,127.0470218,37.5277668,3523.18998908,2003
444, 서울특별시 강남구 청담동,117-22,127.0484982,37.5266181,3351.1241262,2001
445, 서울특별시 강남구 청담동,117-6,127.048087,37.5258498,4221.43207455,2003
446, 서울특별시 강남구 청담동,121,127.0490652,37.5266002,2756.1328761,1998
447, 서울특별시 강남구 청담동,121-14,127.0485588,37.5256752,3437.1736224,2003
448, 서울특별시 강남구 청담동,122,127.0496177,37.5263893,3729.16753482,2013
449, 서울특별시 강남구 청담동,122-1,127.0495185,37.5260082,3540.39266173,2007
450, 서울특별시 강남구 청담동,122-15,127.049959,37.5260595,2775.58165587,2004
451, 서울특별시 강남구 청담동,125,127.0508448,37.5252602,3191.79051663,2005
452, 서울특별시 강남구 청담동,127-12,127.0520477,37.5264863,3421.98233562,2001
453, 서울특별시 강남구 청담동,127-16,127.0524844,37.5260456,2870.61256767,2001
454, 서울특별시 강남구 청담동,127-31,127.052836,37.5268675,3873.02918421,1999
455, 서울특별시 강남구 청담동,127-37,127.0523363,37.5263003,3022.57114818,2001
456, 서울특별시 강남구 청담동,128,127.0541754,37.5267872,4319.7251084,2003
457, 서울특별시 강남구 청담동,128-1,127.053899,37.5266336,3186.21245967,1993
458, 서울특별시 강남구 청담동,128-18,127.0541029,37.5263478,7091.11001965,2006
459, 서울특별시 강남구 청담동,129-16,127.0534067,37.5253087,6777.02603541,2009
460, 서울특별시 강남구 청담동,129-7,127.05376,37.5254584,6858.02060117,2009
461, 서울특별시 강남구 청담동,130,127.0553009,37.5250995,4183.6873316,1992
462, 서울특별시 강남구 청담동,130-6,127.0550643,37.5247543,8182.5613079,2010
463, 서울특별시 강남구 청담동,130-7,127.0551618,37.5243812,7443.22306336,2010
464, 서울특별시 강남구 청담동,134,127.0561536,37.5244098,4598.78143635,1992
465, 서울특별시 강남구 청담동,134-15,127.0591658,37.5232742,4568.03808762,1980
466, 서울특별시 강남구 청담동,134-16,127.0586448,37.5229673,4018.48363551,1997
467, 서울특별시 강남구 청담동,134-38,127.0574077,37.5235476,6712.35851183,2012
468, 서울특별시 강남구 청담동,14,127.0453486,37.5212802,3226.79333418,2006
469, 서울특별시 강남구 청담동,141-1,127.0443139,37.5274539,3270.48585932,1994
470, 서울특별시 강남구 청담동,141-6,127.0448987,37.5272874,3278.57994436,1995
471, 서울특별시 강남구 청담동,15,127.0450669,37.5205742,3240.62007199,2005
472, 서울특별시 강남구 청담동,15-21,127.0461817,37.5207111,3112.86161386,2006
473, 서울특별시 강남구 청담동,23,127.0406181,37.5215094,3398.75165761,1988
474, 서울특별시 강남구 청담동,28-20,127.0469381,37.5205658,3435.86355781,2011
475, 서울특별시 강남구 청담동,30-33,127.0477525,37.5206607,3575.53561396,2002
476, 서울특별시 강남구 청담동,32,127.0481418,37.5197565,3913.69240511,2015
477, 서울특별시 강남구 청담동,33,127.0478395,37.5194234,3706.17794339,1997
478, 서울특별시 강남구 청담동,34-13,127.0486655,37.5231998,5253.28641446,2015
479, 서울특별시 강남구 청담동,35-47,127.045544,37.5192625,3019.40119458,2003
480, 서울특별시 강남구 청담동,35-48,127.0453299,37.51884,2852.02129429,2005
481, 서울특별시 강남구 청담동,36,127.0447282,37.5189225,3067.2540985,2003
482, 서울특별시 강남구 청담동,42,127.04297,37.5177883,3491.79946826,1999
483, 서울특별시 강남구 청담동,43,127.0440031,37.5179462,3385.62095356,1999
484, 서울특별시 강남구 청담동,43-1,127.0445373,37.5183686,2493.72763042,1992
485, 서울특별시 강남구 청담동,44-21,127.0455995,37.5185448,3513.64068769,2007
486, 서울특별시 강남구 청담동,46-12,127.0486969,37.5189861,2194.47929737,2004
487, 서울특별시 강남구 청담동,46-5,127.049021,37.5190274,2064.44759207,2004
488, 서울특별시 강남구 청담동,5-25,127.0460427,37.5236312,4348.03808297,2005
489, 서울특별시 강남구 청담동,50-5,127.0499066,37.5234145,3215.342958,2004
490, 서울특별시 강남구 청담동,59-2,127.051447,37.5225574,3425.77132486,2003
491, 서울특별시 강남구 청담동,59-21,127.0513614,37.5221702,2982.1738054,1999
492, 서울특별시 강남구 청담동,60,127.0505578,37.5222908,3556.41381475,1999
493, 서울특별시 강남구 청담동,65,127.0516426,37.5201469,3841.0789237,1984
494, 서울특별시 강남구 청담동,69-18,127.0544198,37.5215874,4813.91159512,2006
